{"train_loss": [0.699683675475792, 0.5808856219835669, 0.5405883505976001, 0.5000812040023985, 0.5008347273441943, 0.4871785967901954, 0.43786209679446525], 
"train_acc": [0.5417661097852029, 0.6754176610978521, 0.7326968973747017, 0.7804295942720764, 0.7326968973747017, 0.7613365155131265, 0.7971360381861575], 
"val_loss": [0.5803251425425212, 0.5748039285341898, 0.49883836772706774, 0.45350666178597343, 0.5337396581967672, 0.4995873385005527, 0.41119499603907267], 
"val_acc": [0.7333333333333333, 0.6444444444444445, 0.7666666666666667, 0.8222222222222222, 0.6777777777777778, 0.7222222222222222, 0.8222222222222222]}