{"train_acc": [0.7732696897374701, 0.8949880668257757, 0.9379474940334129, 0.9403341288782816, 0.964200477326969, 0.9904534606205251], "val_acc": [0.8222222222222222, 0.8666666666666667, 0.8888888888888888, 0.8111111111111111, 0.8777777777777778, 0.8666666666666667]}